<?xml version="1.0" encoding="UTF-8"?>
<structure>
  <type>fa</type>
  <state id="0" name="q0">
    <initial/>
  </state>
  <state id="1" name="q1">
    <final/>
  </state>
  <transition>
    <from>0</from>
    <to>1</to>
    <read>"0"</read>
  </transition>
  <transition>
    <from>0</from>
    <to>1</to>
    <read>"1"</read>
  </transition>
  <transition>
    <from>0</from>
    <to>1</to>
    <read>"2"</read>
  </transition>
  <transition>
    <from>0</from>
    <to>1</to>
    <read>"3"</read>
  </transition>
  <transition>
    <from>0</from>
    <to>1</to>
    <read>"4"</read>
  </transition>
  <transition>
    <from>0</from>
    <to>1</to>
    <read>"5"</read>
  </transition>
  <transition>
    <from>0</from>
    <to>1</to>
    <read>"6"</read>
  </transition>
  <transition>
    <from>0</from>
    <to>1</to>
    <read>"7"</read>
  </transition>
  <transition>
    <from>0</from>
    <to>1</to>
    <read>"8"</read>
  </transition>
  <transition>
    <from>0</from>
    <to>1</to>
    <read>"9"</read>
  </transition>
</structure>